<?xml version="1.0"?>
<config xmlns:xsi="http://www.w3.org/2001/XMLSchema-instance" xsi:noNamespaceSchemaLocation="urn:magento:framework:ObjectManager/etc/config.xsd">
    <type name="Magento\Framework\View\Element\UiComponent\DataProvider\CollectionFactory">
        <arguments>
            <argument name="collections" xsi:type="array">
                <item name="cbhardware_mobilecms_listing_data_source" xsi:type="string">Cbhardware\Mobilecms\Model\ResourceModel\Mobilecms\Grid\Collection</item>
            </argument>
        </arguments>
    </type>
    <type name="Cbhardware\Mobilecms\Model\ResourceModel\Mobilecms\Grid\Collection">
        <arguments>
            <argument name="mainTable" xsi:type="string">cbhardware_mobilecmspage</argument>
            <argument name="eventPrefix" xsi:type="string">mobilecms_grid_collection</argument>
            <argument name="eventObject" xsi:type="string">mobilecms_grid_collection</argument>
            <argument name="resourceModel" xsi:type="string">Cbhardware\Mobilecms\Model\ResourceModel\Mobilecms</argument>
        </arguments>
    </type>
    <virtualType name="PostGridDataProvider" type="Magento\Framework\View\Element\UiComponent\DataProvider\DataProvider">
        <arguments>
            <argument name="collection" xsi:type="object" shared="false">Cbhardware\Mobilecms\Model\ResourceModel\Mobilecms\Collection</argument>
            <argument name="filterPool" xsi:type="object" shared="false">MobilecmsGirdFilterPool</argument>
        </arguments>
    </virtualType>
    <virtualType name="MobilecmsGirdFilterPool" type="Magento\Framework\View\Element\UiComponent\DataProvider\FilterPool">
        <arguments>
            <argument name="appliers" xsi:type="array">
                <item name="regular" xsi:type="object">Magento\Framework\View\Element\UiComponent\DataProvider\RegularFilter</item>
                <item name="fulltext" xsi:type="object">Magento\Framework\View\Element\UiComponent\DataProvider\FulltextFilter</item>
            </argument>
        </arguments>
    </virtualType>
    
</config>
