<?xml version="1.0"?>
<config xmlns:xsi="http://www.w3.org/2001/XMLSchema-instance" xsi:noNamespaceSchemaLocation="urn:magento:framework:ObjectManager/etc/config.xsd">
    <type name="Magento\Framework\View\Element\UiComponent\DataProvider\CollectionFactory">
        <arguments>
            <argument name="collections" xsi:type="array">
                <item name="cbhardware_pushnotifications_listing_data_source" xsi:type="string">Cbhardware\Pushnotifications\Model\ResourceModel\Pushnotifications\Grid\Collection</item>
            </argument>
        </arguments>
    </type>
    <type name="Cbhardware\Pushnotifications\Model\ResourceModel\Pushnotifications\Grid\Collection">
        <arguments>
            <argument name="mainTable" xsi:type="string">mobile_pushnotifications</argument>
            <argument name="eventPrefix" xsi:type="string">drivermanagement_pushnotifications_grid_collection</argument>
            <argument name="eventObject" xsi:type="string">drivermanagement_pushnotifications_grid_collection</argument>
            <argument name="resourceModel" xsi:type="string">Cbhardware\Pushnotifications\Model\ResourceModel\Pushnotifications</argument>
        </arguments>
    </type>
</config>
