<?xml version="1.0"?>
<config xmlns:xsi="http://www.w3.org/2001/XMLSchema-instance" xsi:noNamespaceSchemaLocation="urn:magento:framework:ObjectManager/etc/config.xsd">
    <type name="Magento\Framework\View\Element\UiComponent\DataProvider\CollectionFactory">
        <arguments>
            <argument name="collections" xsi:type="array">
                <item name="cbhardware_drivermanagement_listing_data_source" xsi:type="string">Cbhardware\Drivermanagement\Model\ResourceModel\Drivermanagement\Grid\Collection</item>
            </argument>
        </arguments>
    </type>

    <type name="Magento\Framework\View\Element\UiComponent\DataProvider\CollectionFactory">
        <arguments>
            <argument name="collections" xsi:type="array">
                <item name="cbhardware_drivermanagement_forklift_data_source" xsi:type="string">Cbhardware\Drivermanagement\Model\ResourceModel\Drivermanagement\Grid\Collections</item>
            </argument>
        </arguments>
    </type>

    <type name="Magento\Framework\View\Element\UiComponent\DataProvider\CollectionFactory">
        <arguments>
            <argument name="collections" xsi:type="array">
                <item name="cbhardware_drivermanagement_purchaseorders_data_source" xsi:type="string">Cbhardware\Drivermanagement\Model\ResourceModel\Drivermanagement\Grid\Purchaseorders</item>
            </argument>
        </arguments>
    </type>

    <type name="Magento\Framework\View\Element\UiComponent\DataProvider\CollectionFactory">
        <arguments>
            <argument name="collections" xsi:type="array">
                <item name="cbhardware_drivermanagement_deliverydockets_data_source" xsi:type="string">Cbhardware\Drivermanagement\Model\ResourceModel\Deliverydockets\Grid\Collection</item>
            </argument>
        </arguments>
    </type>

    <type name="Magento\Framework\View\Element\UiComponent\DataProvider\CollectionFactory">
        <arguments>
            <argument name="collections" xsi:type="array">
                <item name="cbhardware_drivermanagement_customerattendance_data_source" xsi:type="string">Cbhardware\Drivermanagement\Model\ResourceModel\Customerattendance\Grid\Collection</item>
            </argument>
        </arguments>
    </type>

    <type name="Magento\Framework\View\Element\UiComponent\DataProvider\CollectionFactory">
        <arguments>
            <argument name="collections" xsi:type="array">
                <item name="cbhardware_drivermanagement_forkliftdetails_data_source" xsi:type="string">Cbhardware\Drivermanagement\Model\ResourceModel\Forkliftform\Grid\Collection</item>
            </argument>
        </arguments>
    </type>

    <type name="Cbhardware\Drivermanagement\Model\ResourceModel\Forkliftform\Grid\Collection">
        <arguments>
            <argument name="mainTable" xsi:type="string">forklift_form</argument>
            <argument name="eventPrefix" xsi:type="string">drivermanagement_forkliftform_grid_collection</argument>
            <argument name="eventObject" xsi:type="string">drivermanagement_forkliftform_grid_collection</argument>
            <argument name="resourceModel" xsi:type="string">Cbhardware\Drivermanagement\Model\ResourceModel\Forkliftform</argument>
        </arguments>
    </type>
    
    <type name="Magento\Framework\View\Element\UiComponent\DataProvider\CollectionFactory">
        <arguments>
            <argument name="collections" xsi:type="array">
                <item name="cbhardware_drivermanagement_pickingorders_data_source" xsi:type="string">Cbhardware\Drivermanagement\Model\ResourceModel\Salesorderconfirmations\Grid\Collection</item>
            </argument>
        </arguments>
    </type>

    <type name="Cbhardware\Drivermanagement\Model\ResourceModel\Salesorderconfirmations\Grid\Collection">
        <arguments>
            <argument name="mainTable" xsi:type="string">mobile_pickingorder</argument>
            <argument name="eventPrefix" xsi:type="string">drivermanagement_salesorderconfirmations_grid_collection</argument>
            <argument name="eventObject" xsi:type="string">drivermanagement_salesorderconfirmations_grid_collection</argument>
            <argument name="resourceModel" xsi:type="string">Cbhardware\Drivermanagement\Model\ResourceModel\Salesorderconfirmations</argument>
        </arguments>
    </type>
    

    <type name="Cbhardware\Drivermanagement\Model\ResourceModel\Customerattendance\Grid\Collection">
        <arguments>
            <argument name="mainTable" xsi:type="string">customer_attendance</argument>
            <argument name="eventPrefix" xsi:type="string">drivermanagement_customerattendance_grid_collection</argument>
            <argument name="eventObject" xsi:type="string">drivermanagement_customerattendance_grid_collection</argument>
            <argument name="resourceModel" xsi:type="string">Cbhardware\Drivermanagement\Model\ResourceModel\Customerattendance</argument>
        </arguments>
    </type>
    

    
    <type name="Cbhardware\Drivermanagement\Model\ResourceModel\Drivermanagement\Grid\Purchaseorders">
        <arguments>
            <argument name="mainTable" xsi:type="string">purchaseorders_details</argument>
            <argument name="eventPrefix" xsi:type="string">drivermanagement_purchaseorders_grid_collection</argument>
            <argument name="eventObject" xsi:type="string">drivermanagement_purchaseorders_grid_collection</argument>
            <argument name="resourceModel" xsi:type="string">Cbhardware\Drivermanagement\Model\ResourceModel\Purchaseorders</argument>
        </arguments>
    </type>
    <type name="Cbhardware\Drivermanagement\Model\ResourceModel\Drivermanagement\Grid\Collections">
        <arguments>
            <argument name="mainTable" xsi:type="string">mobile_forklift</argument>
            <argument name="eventPrefix" xsi:type="string">drivermanagement_forklift_grid_collection</argument>
            <argument name="eventObject" xsi:type="string">drivermanagement_forklift_grid_collection</argument>
            <argument name="resourceModel" xsi:type="string">ware\Drivermanagement\Model\ResourceModel\Forklift</argument>
        </arguments>
    </type>

    <type name="Cbhardware\Drivermanagement\Model\ResourceModel\Deliverydockets\Grid\Collection">
        <arguments>
            <argument name="mainTable" xsi:type="string">mobile_deliverydockets</argument>
            <argument name="eventPrefix" xsi:type="string">drivermanagement_deliverydockets_grid_collection</argument>
            <argument name="eventObject" xsi:type="string">drivermanagement_deliverydockets_grid_collection</argument>
            <argument name="resourceModel" xsi:type="string">Cbhardware\Drivermanagement\Model\ResourceModel\Deliverydockets</argument>
        </arguments>
    </type>
    
    
    <type name="Cbhardware\Drivermanagement\Model\ResourceModel\Drivermanagement\Grid\Collection">
        <arguments>
            <argument name="mainTable" xsi:type="string">cbhardware_drivermanagement</argument>
            <argument name="eventPrefix" xsi:type="string">drivermanagement_notifications_grid_collection</argument>
            <argument name="eventObject" xsi:type="string">drivermanagement_notifications_grid_collection</argument>
            <argument name="resourceModel" xsi:type="string">ware\Drivermanagement\Model\ResourceModel\Drivermanagement</argument>
        </arguments>
    </type>
    <virtualType name="PostGridDataProvider" type="Magento\Framework\View\Element\UiComponent\DataProvider\DataProvider">
        <arguments>
            <argument name="collection" xsi:type="object" shared="false">Cbhardware\Drivermanagement\Model\ResourceModel\Drivermanagement\Collection</argument>
            <argument name="filterPool" xsi:type="object" shared="false">DrivermanagementGirdFilterPool</argument>
        </arguments>
    </virtualType>
    <virtualType name="DrivermanagementGirdFilterPool" type="Magento\Framework\View\Element\UiComponent\DataProvider\FilterPool">
        <arguments>
            <argument name="appliers" xsi:type="array">
                <item name="regular" xsi:type="object">Magento\Framework\View\Element\UiComponent\DataProvider\RegularFilter</item>
                <item name="fulltext" xsi:type="object">Magento\Framework\View\Element\UiComponent\DataProvider\FulltextFilter</item>
            </argument>
        </arguments>
    </virtualType>
    <preference for="Cbhardware\Drivermanagement\Api\DriverdetailsInterface" type="Cbhardware\Drivermanagement\Model\Driverdetails" />
</config>
