<?xml version="1.0"?>
<config xmlns:xsi="http://www.w3.org/2001/XMLSchema-instance" xsi:noNamespaceSchemaLocation="urn:magento:framework:ObjectManager/etc/config.xsd">
    <type name="Magento\Framework\View\Element\UiComponent\DataProvider\CollectionFactory">
        <arguments>
            <argument name="collections" xsi:type="array">
                <item name="cbhardware_mobileapi_listing_data_source" xsi:type="string">Cbhardware\Mobileapi\Model\ResourceModel\Mobileapi\Grid\Collection</item>
            </argument>
        </arguments>
    </type>
    <type name="Cbhardware\Mobileapi\Model\ResourceModel\Mobileapi\Grid\Collection">
        <arguments>
            <argument name="mainTable" xsi:type="string">cbhardware_mobileapi</argument>
            <argument name="eventPrefix" xsi:type="string">mobileapi_notifications_grid_collection</argument>
            <argument name="eventObject" xsi:type="string">mobileapi_notifications_grid_collection</argument>
            <argument name="resourceModel" xsi:type="string">Cbhardware\Mobileapi\Model\ResourceModel\Mobileapi</argument>
        </arguments>
    </type>
    <virtualType name="PostGridDataProvider" type="Magento\Framework\View\Element\UiComponent\DataProvider\DataProvider">
        <arguments>
            <argument name="collection" xsi:type="object" shared="false">Cbhardware\Mobileapi\Model\ResourceModel\Mobileapi\Collection</argument>
            <argument name="filterPool" xsi:type="object" shared="false">MobileapiGirdFilterPool</argument>
        </arguments>
    </virtualType>
    <virtualType name="MobileapiGirdFilterPool" type="Magento\Framework\View\Element\UiComponent\DataProvider\FilterPool">
        <arguments>
            <argument name="appliers" xsi:type="array">
                <item name="regular" xsi:type="object">Magento\Framework\View\Element\UiComponent\DataProvider\RegularFilter</item>
                <item name="fulltext" xsi:type="object">Magento\Framework\View\Element\UiComponent\DataProvider\FulltextFilter</item>
            </argument>
        </arguments>
    </virtualType>
     <preference for="Cbhardware\Mobileapi\Api\AccountloginInterface" type="Cbhardware\Mobileapi\Model\Accountlogin" />
</config>
