<?xml version="1.0"?>
<config xmlns:xsi="http://www.w3.org/2001/XMLSchema-instance" xsi:noNamespaceSchemaLocation="urn:magento:module:Magento_Backend:etc/menu.xsd">
	<menu>
		<add id="Cbhardware_Mobileapi::mobileapi" title="Mobile App" translate="title" module="Cbhardware_Mobileapi" parent="Magento_Backend::content" sortOrder="50" dependsOnModule="Cbhardware_Mobileapi" resource="Cbhardware_Mobileapi::mobileapi"/>

		<add id="Cbhardware_Drivermanagement::cbhardware_drivermanagement_forklift" title="Fork Lift" translate="title" module="Cbhardware_Drivermanagement" parent="Cbhardware_Mobileapi::mobileapi" sortOrder="1" dependsOnModule="Cbhardware_Drivermanagement" action="drivermanagement/index/forklift" resource="Cbhardware_Drivermanagement::drivermanagement"/>

		<add id="Cbhardware_Drivermanagement::cbhardware_drivermanagement_forkliftnew" title="Fork Lift Models" translate="title" module="Cbhardware_Drivermanagement" parent="Cbhardware_Mobileapi::mobileapi" sortOrder="2" dependsOnModule="Cbhardware_Drivermanagement" action="drivermanagement/index/forkliftdetails" resource="Cbhardware_Drivermanagement::drivermanagement"/>

		<add id="Cbhardware_Drivermanagement::cbhardware_drivermanagement_purchaseorders" title="Purchase orders" translate="title" module="Cbhardware_Drivermanagement" parent="Cbhardware_Mobileapi::mobileapi" sortOrder="3" dependsOnModule="Cbhardware_Drivermanagement" action="drivermanagement/index/purchaseorders" resource="Cbhardware_Drivermanagement::drivermanagement"/>

		<add id="Cbhardware_Drivermanagement::cbhardware_drivermanagement_deliverydockets" title="Delivery Dockets" translate="title" module="Cbhardware_Drivermanagement" parent="Cbhardware_Mobileapi::mobileapi" sortOrder="4" dependsOnModule="Cbhardware_Drivermanagement" action="drivermanagement/index/deliverydockets" resource="Cbhardware_Drivermanagement::drivermanagement"/>

		<add id="Cbhardware_Drivermanagement::cbhardware_drivermanagement_customerattendance" title="Checkin and Chackout datas" translate="title" module="Cbhardware_Drivermanagement" parent="Cbhardware_Mobileapi::mobileapi" sortOrder="5" dependsOnModule="Cbhardware_Drivermanagement" action="drivermanagement/index/customerattendance" resource="Cbhardware_Drivermanagement::drivermanagement"/>

		<add id="Cbhardware_Drivermanagement::cbhardware_drivermanagement" title="Driver Management" translate="title" module="Cbhardware_Drivermanagement" parent="Cbhardware_Mobileapi::mobileapi" sortOrder="6" dependsOnModule="Cbhardware_Drivermanagement" action="drivermanagement/index" resource="Cbhardware_Drivermanagement::drivermanagement"/>

		<add id="Cbhardware_Mobileapi::cbhardware_mobileapi" title="Account Management" translate="title" module="Cbhardware_Mobileapi" parent="Cbhardware_Mobileapi::mobileapi" sortOrder="7" dependsOnModule="Cbhardware_Mobileapi" action="mobileapi/index" resource="Cbhardware_Mobileapi::mobileapi"/>

		<add id="Cbhardware_Mobilecms::cbhardware_mobilecms" title="Cms Pages" translate="title" module="Cbhardware_Mobilecms" parent="Cbhardware_Mobileapi::mobileapi" sortOrder="8" dependsOnModule="Cbhardware_Mobilecms" action="mobilecms/index" resource="Cbhardware_Mobilecms::mobilecms"/>

		<add id="Cbhardware_Pushnotifications::cbhardware_Pushnotifications" title="Push notifications" translate="title" module="Cbhardware_Pushnotifications" parent="Cbhardware_Mobileapi::mobileapi" sortOrder="9" dependsOnModule="Cbhardware_Pushnotifications" action="pushnotifications/index" resource="Cbhardware_Pushnotifications::pushnotifications"/>
		<add id="Cbhardware_Drivermanagement::cbhardware_drivermanagement_pickingorders" title="Pickingorders" translate="title" module="Cbhardware_Drivermanagement" parent="Cbhardware_Mobileapi::mobileapi" sortOrder="10" dependsOnModule="Cbhardware_Drivermanagement" action="drivermanagement/index/pickingorders" resource="Cbhardware_Drivermanagement::drivermanagement"/>
	</menu>
</config>
